sep=,
ID,Timestamp,Emotion,Confidence,Notes
1,2026-02-17 15:20:20,angry,1.0,
2,2026-02-17 15:20:24,angry,1.0,
3,2026-02-17 15:20:29,surprise,1.0,
4,2026-02-17 15:20:34,neutral,1.0,
5,2026-02-17 15:20:39,angry,1.0,
6,2026-02-17 15:20:44,fear,1.0,
7,2026-02-17 15:20:49,surprise,1.0,
8,2026-02-17 15:20:54,surprise,1.0,
9,2026-02-17 15:20:59,angry,1.0,
10,2026-02-17 15:21:04,angry,1.0,
11,2026-02-17 15:21:09,neutral,1.0,
12,2026-02-17 15:21:14,surprise,1.0,
13,2026-02-17 15:21:19,neutral,1.0,
14,2026-02-17 15:21:24,neutral,1.0,
15,2026-02-17 15:21:29,sad,1.0,
16,2026-02-17 15:21:34,angry,1.0,
17,2026-02-17 15:21:39,angry,1.0,
18,2026-02-17 15:21:44,fear,1.0,
19,2026-02-17 15:21:49,fear,1.0,
20,2026-02-17 23:23:36,angry,1.0,
21,2026-02-17 23:23:40,sad,1.0,
22,2026-02-17 23:23:45,fear,1.0,
23,2026-02-17 23:23:50,sad,1.0,
24,2026-02-17 23:23:55,angry,1.0,
25,2026-02-17 23:24:00,sad,1.0,
26,2026-02-17 23:24:05,sad,1.0,
27,2026-02-17 23:24:10,fear,1.0,
28,2026-02-17 23:24:15,angry,1.0,
29,2026-02-17 23:24:20,sad,1.0,
30,2026-02-17 23:24:25,fear,1.0,
31,2026-02-17 23:24:30,sad,1.0,
32,2026-02-18 15:26:43,neutral,1.0,
33,2026-02-18 15:26:47,sad,1.0,
34,2026-02-18 15:26:52,neutral,1.0,
35,2026-02-18 15:26:57,neutral,1.0,
36,2026-02-18 15:27:02,neutral,1.0,
37,2026-02-18 15:27:07,neutral,1.0,
38,2026-02-18 15:27:12,neutral,1.0,
39,2026-02-18 15:27:17,neutral,1.0,
40,2026-02-18 15:27:22,neutral,1.0,
41,2026-02-18 15:27:27,neutral,1.0,
42,2026-02-18 15:27:32,angry,1.0,
43,2026-02-18 15:27:37,neutral,1.0,
44,2026-02-18 15:30:54,fear,1.0,
45,2026-02-18 15:30:58,neutral,1.0,
46,2026-02-18 15:31:03,surprise,1.0,
47,2026-02-18 15:31:08,neutral,1.0,
48,2026-02-18 15:31:13,fear,1.0,
49,2026-02-18 15:31:18,neutral,1.0,
50,2026-02-18 15:37:29,neutral,1.0,
51,2026-02-18 15:37:33,neutral,1.0,
52,2026-02-18 15:37:38,neutral,1.0,
53,2026-02-18 15:37:43,neutral,1.0,
54,2026-02-18 15:37:48,neutral,1.0,
55,2026-02-18 15:37:53,neutral,1.0,
56,2026-02-18 15:37:58,neutral,1.0,
57,2026-02-18 15:38:03,fear,1.0,
58,2026-02-18 15:38:08,neutral,1.0,
59,2026-02-18 15:38:56,happy,1.0,
60,2026-02-18 15:39:00,neutral,1.0,
61,2026-02-18 15:39:05,neutral,1.0,
62,2026-02-18 15:41:06,neutral,1.0,
63,2026-02-18 15:41:11,happy,1.0,
64,2026-02-18 15:41:16,neutral,1.0,
65,2026-02-18 15:41:21,neutral,1.0,
66,2026-02-18 15:41:26,angry,1.0,
67,2026-02-18 15:41:31,neutral,1.0,
68,2026-02-18 15:41:54,fear,1.0,
69,2026-02-18 15:41:58,neutral,1.0,
70,2026-02-18 15:42:03,sad,1.0,
71,2026-02-18 15:42:08,happy,1.0,
72,2026-02-18 15:42:13,neutral,1.0,
73,2026-02-18 15:42:18,angry,1.0,
74,2026-02-18 15:42:23,neutral,1.0,
75,2026-02-18 15:42:28,surprise,1.0,
76,2026-02-18 15:42:33,angry,1.0,
77,2026-02-18 15:42:38,neutral,1.0,
78,2026-02-18 15:43:27,neutral,1.0,
79,2026-02-18 15:43:31,fear,1.0,
80,2026-02-18 15:43:36,neutral,1.0,
81,2026-02-18 15:43:41,neutral,1.0,
82,2026-02-18 15:43:46,neutral,1.0,
83,2026-02-18 15:43:51,sad,1.0,
84,2026-02-18 15:43:56,fear,1.0,
85,2026-02-18 15:44:01,neutral,1.0,
86,2026-02-18 15:45:12,neutral,1.0,
87,2026-02-18 15:45:16,neutral,1.0,
88,2026-02-18 15:45:54,sad,1.0,
89,2026-02-18 15:45:58,neutral,1.0,
90,2026-02-18 15:46:03,neutral,1.0,
91,2026-02-18 15:46:08,neutral,1.0,
92,2026-02-18 15:47:04,neutral,1.0,
93,2026-02-18 15:47:08,neutral,1.0,
94,2026-02-18 15:47:13,neutral,1.0,
95,2026-02-18 15:47:27,neutral,1.0,
96,2026-02-18 15:47:31,neutral,1.0,
97,2026-02-18 15:49:45,angry,1.0,
98,2026-02-18 15:49:50,neutral,1.0,
99,2026-02-18 15:49:55,surprise,1.0,
100,2026-02-18 15:51:57,neutral,1.0,
101,2026-02-18 15:52:01,neutral,1.0,
102,2026-02-18 15:52:06,neutral,1.0,
103,2026-02-18 15:52:11,neutral,1.0,
104,2026-02-18 15:58:59,neutral,1.0,
105,2026-02-18 15:59:03,sad,1.0,
106,2026-02-18 15:59:08,neutral,1.0,
107,2026-02-18 15:59:14,neutral,1.0,
108,2026-02-18 15:59:19,neutral,1.0,
109,2026-02-18 16:01:24,angry,1.0,
110,2026-02-18 16:01:28,neutral,1.0,
111,2026-02-18 16:01:33,neutral,1.0,
112,2026-02-18 16:01:38,happy,1.0,
113,2026-02-18 16:01:43,neutral,1.0,
114,2026-02-18 16:02:03,neutral,1.0,
115,2026-02-18 16:02:07,sad,1.0,
116,2026-02-18 16:02:12,surprise,1.0,
117,2026-02-18 16:10:10,angry,1.0,
118,2026-02-18 16:15:47,angry,1.0,
119,2026-02-18 16:17:30,sad,1.0,
120,2026-02-18 16:19:05,angry,1.0,
121,2026-02-18 16:20:52,angry,1.0,
122,2026-02-18 16:23:11,neutral,1.0,
123,2026-02-18 16:23:15,angry,1.0,
124,2026-02-18 16:23:54,neutral,1.0,
125,2026-02-18 16:23:58,neutral,1.0,
126,2026-02-18 16:25:28,sad,1.0,
127,2026-02-18 16:25:32,neutral,1.0,
128,2026-02-18 16:25:59,sad,1.0,
129,2026-02-18 16:26:03,angry,1.0,
130,2026-02-18 16:27:39,sad,1.0,
131,2026-02-18 16:27:43,neutral,1.0,
132,2026-02-18 16:27:48,sad,1.0,
133,2026-02-18 16:27:53,sad,1.0,
134,2026-02-18 16:34:17,sad,1.0,
135,2026-02-18 16:34:21,neutral,1.0,
136,2026-02-18 16:34:26,surprise,1.0,
137,2026-02-18 16:34:31,neutral,1.0,
138,2026-02-18 16:34:36,neutral,1.0,
139,2026-02-18 16:34:41,fear,1.0,
140,2026-02-18 16:34:46,neutral,1.0,
141,2026-02-18 16:41:39,neutral,1.0,
142,2026-02-18 16:41:43,neutral,1.0,
143,2026-02-18 16:41:48,neutral,1.0,
144,2026-02-18 16:41:53,neutral,1.0,
145,2026-02-18 16:41:58,sad,1.0,
146,2026-02-18 16:42:03,neutral,1.0,
147,2026-02-18 16:42:08,neutral,1.0,
148,2026-02-18 16:42:13,happy,1.0,
149,2026-02-18 16:48:14,angry,1.0,
150,2026-02-18 16:48:18,neutral,1.0,
151,2026-02-18 16:48:23,neutral,1.0,
152,2026-02-18 16:48:28,happy,1.0,
153,2026-02-18 16:48:33,neutral,1.0,
154,2026-02-18 16:48:38,happy,1.0,
155,2026-02-18 16:48:43,neutral,1.0,
156,2026-02-18 16:48:49,neutral,1.0,
157,2026-02-18 16:48:54,neutral,1.0,
158,2026-02-18 16:52:10,fear,1.0,
159,2026-02-18 16:52:14,happy,1.0,
160,2026-02-18 16:52:19,neutral,1.0,
161,2026-02-18 16:52:26,happy,1.0,
162,2026-02-18 16:52:34,fear,1.0,
163,2026-02-18 17:10:17,fear,1.0,
164,2026-02-18 17:10:21,neutral,1.0,
165,2026-02-18 17:26:26,neutral,1.0,
166,2026-02-18 17:28:14,neutral,1.0,
167,2026-02-18 17:31:25,neutral,1.0,
168,2026-02-18 17:39:53,fear,1.0,
169,2026-02-18 17:42:35,fear,1.0,
170,2026-02-18 17:42:49,fear,1.0,
171,2026-02-18 17:43:04,neutral,1.0,
172,2026-02-18 17:58:26,sad,1.0,
173,2026-02-18 18:17:11,neutral,1.0,
174,2026-02-18 21:04:42,sad,1.0,
175,2026-02-18 21:05:59,neutral,1.0,
176,2026-02-18 21:10:56,happy,1.0,
177,2026-02-18 21:30:00,angry,1.0,
178,2026-02-18 22:09:37,neutral,1.0,
179,2026-02-19 10:25:38,happy,1.0,
180,2026-02-19 10:26:05,happy,1.0,
181,2026-02-19 12:31:11,neutral,1.0,
182,2026-02-19 12:48:07,neutral,1.0,
183,2026-02-19 13:17:26,neutral,1.0,
184,2026-02-19 13:18:16,neutral,1.0,
185,2026-02-19 13:36:57,neutral,1.0,
186,2026-02-19 13:39:24,neutral,1.0,
187,2026-02-19 13:39:39,neutral,1.0,
188,2026-02-26 16:50:19,neutral,1.0,
189,2026-02-26 17:11:31,neutral,1.0,
190,2026-02-26 17:50:03,happy,1.0,
191,2026-02-27 10:15:02,happy,1.0,
192,2026-02-27 10:35:27,happy,1.0,Enjoying the silence
193,2026-02-27 10:42:44,neutral,1.0,
194,2026-02-27 10:49:31,neutral,1.0,peace is a state of mind
195,2026-03-06 14:49:09,neutral,1.0,Spring vibes
196,2026-03-06 14:50:49,neutral,1.0,
197,2026-03-06 15:13:04,fear,1.0,
198,2026-03-06 15:16:06,happy,1.0,
199,2026-03-06 15:16:25,neutral,1.0,
200,2026-03-06 15:17:14,happy,1.0,"don't worry, be happy"
201,2026-03-06 15:18:23,happy,1.0,
202,2026-03-06 15:20:59,sad,1.0,
203,2026-03-06 15:21:17,neutral,1.0,
204,2026-03-06 15:21:31,neutral,1.0,
205,2026-03-06 15:33:28,sad,1.0,
206,2026-03-06 16:14:15,sad,1.0,
207,2026-03-06 16:14:31,neutral,1.0,
208,2026-03-06 16:14:45,happy,1.0,
209,2026-03-07 12:20:27,happy,1.0,spring mood
210,2026-03-07 12:39:48,neutral,1.0,
211,2026-03-07 12:40:06,neutral,1.0,
212,2026-03-07 12:40:28,neutral,1.0,
213,2026-03-07 12:40:45,happy,1.0,
214,2026-03-07 12:41:53,neutral,1.0,
215,2026-03-07 12:42:07,happy,1.0,
216,2026-03-07 12:42:21,happy,1.0,
217,2026-03-07 16:13:30,sad,1.0,
218,2026-03-09 21:57:12,neutral,1.0,
219,2026-03-09 21:57:26,fear,1.0,
220,2026-03-09 21:57:41,neutral,1.0,alive
221,2026-03-10 14:03:37,sad,1.0,
222,2026-03-11 14:54:06,neutral,1.0,
223,2026-03-11 14:56:51,happy,1.0,happy days ahead
